{"cameraMode":{"drawMode":0,"name":"Shaded","section":"Shading Mode"},"sceneLighting":true,"audioPlay":false,"sceneViewState":{"showFog":true,"showMaterialUpdate":false,"showSkybox":true,"showFlares":true,"showImageEffects":true,"showParticleSystems":true},"in2DMode":false,"pivot":{"x":-66.62034606933594,"y":-56.19881820678711,"z":185.23146057128907},"rotation":{"x":0.1711817979812622,"y":-0.14776383340358735,"z":0.025939153507351877,"w":0.9738180041313171},"size":258.0223083496094,"orthographic":false}