{"cameraMode":{"drawMode":0,"name":"Shaded","section":"Shading Mode"},"sceneLighting":false,"audioPlay":false,"sceneViewState":{"showFog":true,"showMaterialUpdate":false,"showSkybox":false,"showFlares":true,"showImageEffects":true,"showParticleSystems":true},"in2DMode":false,"pivot":{"x":1.7086378335952759,"y":11.63626480102539,"z":0.6700812578201294},"rotation":{"x":0.3490191102027893,"y":0.1470106691122055,"z":-0.05560796335339546,"w":0.9239103198051453},"size":2.8578836917877199,"orthographic":false}