{"cameraMode":{"drawMode":0,"name":"Shaded","section":"Shading Mode"},"sceneLighting":false,"audioPlay":false,"sceneViewState":{"showFog":true,"showMaterialUpdate":false,"showSkybox":false,"showFlares":true,"showImageEffects":true,"showParticleSystems":true},"in2DMode":false,"pivot":{"x":4.14168643951416,"y":13.939566612243653,"z":-5.134853839874268},"rotation":{"x":-0.38243570923805239,"y":-0.0603797473013401,"z":0.02503594569861889,"w":-0.9217109084129334},"size":2.8578836917877199,"orthographic":false}