{"cameraMode":{"drawMode":0,"name":"Shaded","section":"Shading Mode"},"sceneLighting":false,"audioPlay":false,"sceneViewState":{"showFog":true,"showMaterialUpdate":false,"showSkybox":false,"showFlares":true,"showImageEffects":true,"showParticleSystems":true},"in2DMode":false,"pivot":{"x":-362.7579345703125,"y":-1.5632294416427613,"z":-157.72630310058595},"rotation":{"x":0.6930312514305115,"y":-0.017321480438113214,"z":0.01658451184630394,"w":0.7205930352210999},"size":22.0,"orthographic":false}