{"cameraMode":{"drawMode":0,"name":"Shaded","section":"Shading Mode"},"sceneLighting":false,"audioPlay":false,"sceneViewState":{"showFog":true,"showMaterialUpdate":false,"showSkybox":false,"showFlares":true,"showImageEffects":true,"showParticleSystems":true},"in2DMode":false,"pivot":{"x":0.22992703318595887,"y":21.380611419677736,"z":-17.147911071777345},"rotation":{"x":0.19510027766227723,"y":0.03824685141444206,"z":-0.007686654571443796,"w":0.9800716638565064},"size":2.857883930206299,"orthographic":false}